Text,Emotion
ive been taking or milligrams or times recommended amount and ive fallen asleep a lot faster but i also feel like so funny,surprise
i have seen heard and read over the past couple of days i am left feeling impressed by more than a few companies,surprise
i keep feeling pleasantly surprised at his supportiveness and also his ease in new situations,surprise
i am now nearly finished the week detox and i feel amazing,surprise
i too feel as if i am a stranger in a strange land and i am raising my son in a place that is not his father s ancestral home,surprise
i started feeling funny and then friday i woke up sick as a dog,surprise
im certainly not going to sit and tell you whats going on in my personal life but i feel that if you were ever curious about whats going in my life all youd have to do is watch the show,surprise
im sorry that there wasnt more humor in this post but im not feeling all that funny,surprise
i want to hold this feeling of shocked awe and wonder forever,surprise
i will enclose her verses on her could not weigh much more thinking and feeling curious to hear the odd couple,surprise
i was feeling an act of god at work in my life and it was an amazing feeling,surprise
i feel curious about all this things around,surprise
i feel herpes coming i would be very surprised at this point if i make it out again after my checkup at the clinic on wednesday,surprise
i feel like that s so weird that i had cancer that one time,surprise
i feel to have these amazing people in my life,surprise
i go up to her and i say feeling very impressed with myself youre naomi klein right,surprise
i feel a bit funny actually,surprise
i always want nemo by my side and sleeping without her now feels weird even though it doesnt happen often that i get to,surprise
i am feeling overwhelmed with the responsibilities of being a teacher that someone is trusting me with their most precious gift and it is an honor,surprise
i feel energized and curious again about life about god about my potential to give something back to society and about finding someone after my heart,surprise
i bought a virtually fat free thousand islands and feeling very impressed with myself hold large quantities of this substance on the leaves of lettuce and cucumber with my friend but it will be total sugar becomes if you do not burn fat,surprise
i honestly am not sure how i feel stunned,surprise
i really want to go buy some yardage of art gallery just to play with because it feels so amazing,surprise
i still feel funny writing that like maybe i should call her my spirit guide or really observant cheerleader or something,surprise
i would rather feel nothing than feel this then do not be surprised if you find your life very depressing and grey and unrewarding,surprise
i get really sweaty during these episodes and my stomach will feel really funny like i m free falling,surprise
i feel so dazed a href http twitter,surprise
i still feel a little dazed and have that sort of disbelieving feeling of oh my god,surprise
i feel surprised by how down it makes me,surprise
i dont know why but i had started to feel the weird pressure of a largely silent audience and with it a falsely inflated sense of importance in expressing myself and my ever so articulate opinions to said audience,surprise
i am feeling overwhelmed i want to physically shake everything off me the way i would if there was a spider in my shirt,surprise
i remember feeling amazed,surprise
i feel about strange brew,surprise
i feel strange with it because it started to be sale,surprise
i feel it is because mccarthy isn t at that place yet in her career where she can really consistently humanize a character while balancing out the fact they are supposed to be funny,surprise
im feeling amazed with my california ness at the moment currently sitting by the pool drinking a wine spritzer out of nagalene connecting via google wifi and using stellarium to figure out the stars,surprise
i also feel a strange sense of guilt about all the people who arent similarly situated to move to a different neighborhood,surprise
i feel like i shouldn t be that amazed with a degree in biology i was blown away,surprise
i was feeling so overwhelmed that i asked my bqff to keep of them at her house until theyre ready to be loaded so i dont feel so behind,surprise
i would always feel amazed at how impacted these and year olds were by this subject,surprise
i missed about a month combined of classes and was pretty much bed ridden for months of the semester i feel really amazed that i was able to pass,surprise
i thought maybe it was just my hands feeling funny but i touched my hair with my totally clean forearm and it became sticky,surprise
i still feel a little dazed and high which is alarming since its been hours or so,surprise
i think of how much time we spent just doing fun childhood stuff together as a family i feel amazed,surprise
i know i would feel weird about that and probably act strangely for a few days,surprise
i feel so deeply shocked and saddened,surprise
i think i brag and it feels strange because i still see myself as a little fattie pre teen unworthy of any male attention,surprise
i believe its possible to be joyful and full of thanks while feeling overwhelmed and exhausted by life,surprise
i feel so weird not saying goodnight to mike,surprise
i feel surprised because i didnt expect it,surprise
i think she just rolled out i guess she s over it already i m kinda feeling that but no one has performed yet and word on the street is there is supposed to be a surprised performance by lil wayne nikki minaj and drake that would be dope,surprise
i try not to laugh because sometimes it hurts vellas feelings but some of the things he does are so funny,surprise
i feel not surprised by where i ended up i m happy with a lot of what i ve achieved the positions i ve put myself in,surprise
i love a movie with a good feel to it that really keeps you enthralled and the road has just that,surprise
i feel funny telling you about my name change anyway gracias por todo,surprise
i am sure at least i hope so that the woman who responded by saying so that he could help out with the kids also feel this way but what surprised me was that all the reasons i listed above were second,surprise
i loved the feeling i got during an amazing slalom run whether it was in training or in a race,surprise
i sit here looking at the sentence i just typed i feel quite shocked,surprise
i understand the feeling so i wouldnt be shocked,surprise
i was feeling pretty impressed with myself,surprise
i feel overwhelmed and humbled but i am alive to keep slugging and i m grateful for the chance,surprise
im feeling so sally field like these days surprised by all the love and always with a brown mop of hair atop my head,surprise
i bore my testimony that listening is one of the most important things we can do and if we feel impressed to do something even if we are unsure about it by learning to follow those impressions we will learn whether it is of ourselves or of the spirit,surprise
i got off in my previous post about how much the app maker leeches upset me at this conference and so i feel like i should mention who i was most impressed with there,surprise
i can look at a stack of twenty five term papers and not feel overwhelmed,surprise
i tell the people closest to me things that i am feeling and its as if they arent surprised because theyd known it all along,surprise
i feel surprised and disturbed actually,surprise
i feel like im pretty weird and open about liking a lot of things i doubt any of my interests would surprise anyone,surprise
i feel kinda strange too cause i didnt encountered with such feelings last year,surprise
i am not sure why i feel the need to share this experience with the world maybe its just that now that its over its actually pretty funny,surprise
i only feel curious impatient eager and confused,surprise
i feel very stunned that people got it in a big way,surprise
i asked darren about it when he got home as i was feeling a bit curious even though it didnt really matter and it was really none of my business,surprise
i tween sat for my moms boss year old and year old boys this weekend id say babysit but that feels weird considering there were n,surprise
i help busy overworked mainly but not exclusively women go from feeling overwhelmed frustrated and generally pissed about their health and appearance,surprise
i feel as if im in some strange catholic vortex,surprise
i have a feeling that many of you will be surprised to learn that after nearly years it s time for me to say goodbye as your guide to entertaining,surprise
i feel shocked have i become that old,surprise
i walked out of there with a better understanding of what was going on in the experiment but also feeling a little stunned that i had only one equation to describe all of this,surprise
i can remember what it feels like to be enthralled by him i cant actually feel it,surprise
ive been reading again and feeling pleasantly surprised to find my reading list contained four similar books a fine chance to compare and contrast differ,surprise
i managed to take some photos today of my outfit which did feel rather strange especially as i havent taken any for such a long time,surprise
i feel like im in some weird dreamworld where i can do absolutely anything,surprise
im feeling really weird,surprise
i was kinda laying on my disappeared arm playing on the computer then i got up to turn eat dinner but on the way adjectives of a sudden this wierd feeling in my collar chest felt like a bounce of electricity shocked me or something then my left paw,surprise
im old enough that graduation and yk feels like just yesterday i find myself a bit stunned by this,surprise
i am a mother though most days it still feels strange to realize i am one,surprise
i really feel amazed on how they can do that,surprise
im still feeling a bit stunned by an experience i had tonight while watching a movie,surprise
i am feeling overwhelmed by daily responsibilities by expectations of my family and job by the demands on my time by my physical tiredness by the feeling that my burdens will overtake me by financial hardships by,surprise
i began to feel curious and tried to percieve who i was beneath my pride and why i am who i am,surprise
i was overwhelmed by the feeling of being impressed i think these kids theyre years younger than me i can call them kids right,surprise
i was feelings amazed imagining how would she feel when she will get this,surprise
i am not sure if we should buy more but my hubby and i are feeling pretty impressed,surprise
i remember feeling surprised that i had the option not to listen,surprise
im feeling so overwhelmed,surprise
i just feel more dazed and alone in the end,surprise
im just thinking back and feeling utterly amazed and grateful that we live in a time when four people who needed a family could find each other despite being thousands of miles apart,surprise
i feel so impressed with ia,surprise
i enjoy all of these aspects of my life it is hard at times to not feel completely overwhelmed,surprise
i sat silent and open mouthed as he rattled off the reasons why he loved me the special times we had shared which had confirmed his feelings and was amazed that they were the same reasons and times together that made me realize how much i loved him,surprise
i feel sort of dazed and cross eyed,surprise
i remember is the feeling of falling and miyavi s shocked face,surprise
i will adjust to it but for now it feels so strange,surprise
i watch her silently feeling dazed from my memory loss,surprise
i sit down to author this letter i feel a little surprised that an entire year has already passed us by,surprise
i can recall feelings of the time we were in coolum whilst laying in my own bed the other day and it s funny how he s calling me and we are speaking everyday now,surprise
i feel absolutely amazed at the unfolding story of my life,surprise
im here today after looking at my bank account this morning and feeling shocked,surprise
i feel weird if i just do completely nothing,surprise
i feel very weird about so much of my psychological safety coming from noah providing money,surprise
i wanted to follow a set of food rules and feel amazing or party hard and suffer the consequences,surprise
i just feel overwhelmed thinking about it,surprise
i drove to pay her for the snack she was looking at me wearily and i was feeling dazed by what just had happened and felt a confidence that is unusual and rare,surprise
i am overly passionate but i love music for how it makes me feel i connect with the songs and the artists and i am amazed and truly in awe of those that can write a song that touches me,surprise
i asked the girls i was with if it was just me or if their eyes were feeling weird also,surprise
i am feeling rather overwhelmed with all that is on my to do list,surprise
i myself smiling through loving simple dialog child logic explain situation feelings it s funny,surprise
i often sat back and feel amazed when the episode was over,surprise
i also feel amazed happy fortunate and extremely blessed,surprise
i woke up feeling dazed and confused,surprise
i pick up the cards i feel a shiver go up my spine and i just feel so curious,surprise
i feel overwhelmed and i want to forget it all,surprise
i typically do not engage the children on my walks in this manner but today i m feeling a little curious and more silly than usual so i persist with my question,surprise
i feel strange with the judge passing sentence in such a manner,surprise
i have talked about it too much i feel here is a video if you are curious,surprise
i forgot my passport and i realize that my stomach was feeling funny until i went to the washroom and understand that i was actually sick,surprise
i feel like i need to emphasize that because i was very impressed with the color of it,surprise
i feel like amazing co screenwriter roberto orcis bizarre adoration of dubya the pampered bush son was responsible for this shit even though it was carried over from the amazing spider man which orci didnt co write,surprise
i don t mean this to be a serious recollection of feelings only a funny in a not funny sort of way story so let s get back to where the action begins,surprise
i am also noticing that i can only handle so much incoming information or i start to feel overwhelmed,surprise
i feel a strange sense of legacy,surprise
i just remember feeling really dazed and amazed that it had all happened little did i know if you are about to have or have just had surgery then good luck i m sure i ve had the bad luck for everyone,surprise
i overly pc in feeling a little shocked,surprise
i feel your prick every night when you re dreaming about me and i she paused dramatically i am not impressed,surprise
i see what the ritalin culture is doing to the children and their flias i feel shocked,surprise
i volunteered for everything and wound up feeling overwhelmed and people got mad at me for not being able to meet my obligations,surprise
i sat there feeling so amazed that i actually found great joy in such simple things,surprise
i read the book and feel like i am travelling those journeys sometimes i am amazed sometimes i cry sometimes i laugh sometimes i yearn for what is written sometimes i remember my friends my family and the deceased and realise there is so much to do for them,surprise
i feel like im giving them a story to tell to their friends and family which is funny because growing up i anticipated to be the one to travel and spontaneously meet an erratic person that swoons me with their life stories,surprise
i ini i feel strange,surprise
i look back on that i feel amazed that at such a young age i could just pull it together like that,surprise
i can say that once again after the test drive we left feeling impressed by the cx and with steve and adams assistance,surprise
i came home still feeling stunned and in need of rest i received a call from a dear elderly cousin marie to say she called an ambulance for herself and would be going to the hospital,surprise
i still feel funny,surprise
im getting there but i really do feel dazed and confused at the moment,surprise
i go in coeur d alene im surrounded by them and it feels strange to look at them and think all these people are actually as nuts as me,surprise
i feel amazed i can compress my difficulty so neatly into one sentence,surprise
i stared up at him amazed by the feeling and as equally amazed that nothing else was happening,surprise
i do however feel that some people would not be so shocked right,surprise
i feel you might be quite amazed if ahead of you begin your diet program you continue to keep a a href http www,surprise
i feel like in spite of having so many amazing things to be thankful for life is just one big demanding wave after wave and i m being tossed around like a rag doll,surprise
i feel too overwhelmed to clean anything so i just let it all pile up until it makes my whole life feel like it is going to come crashing down around me and i am helpless to stop it,surprise
i feel that s the one thing i ve enjoyed about tv people have the time to be shocked over kenny powers and then you have time to let go of it and love him later on,surprise
i feel funny about mothers day,surprise
i think and feel its funny its sad its weird but more than any of that its the truth,surprise
i feel overwhelmed with the uncertainties of life the sorrows lurking about the fears eating at peoples peace the sad choices friends make the effects of those sad choices on loved ones broken relationships etc,surprise
i even feel weird living with lay people again,surprise
i feel weird,surprise
i will cry in front of my children and feel overwhelmed without a moment s notice,surprise
i feel like it s a boy i would be pretty shocked if it was so somewhere in there my gut or my brain is saying girl,surprise
i were saying that we were feeling overwhelmed with our life right now,surprise
i felt fine when we got there but after a short while i started feeling really funny,surprise
i find myself feeling surprised and totally unworthy whenever i see her face,surprise
i feel about my mommy amp me friends our friendships grew so naturally the strength of them surprised me,surprise
i am feeling quite overwhelmed,surprise
i care very little about impressing people unless its a person who i feel deserves being impressed,surprise
i love sunshine havent had much but the feeling of it on my shoulders as i walk around the yard is amazing,surprise
i always tell people my brd armor sucks since i totally feel it does so i was amazed to see some of the crap some brds wear,surprise
i remember feeling bowled over and surprised by my own reaction at the tears welling up,surprise
i honestly have so much research to do and have to think of so many color schemes and how to implement organizational tips for small spaces that i feel more than overwhelmed with the intensity of this project however there is the masochist in me that is incredibly excited,surprise
i only have three words to describe my feelings after viewing them im not impressed,surprise
i feel like i m trying to be that guy who hangs out with curious george,surprise
i feel about politics and i have been very shocked at myself for going into this realm though i think that it is at this time the most important considering everything that has been going on in the world stage and in the usa,surprise
i wish it was a more comforting feeling but instead it feels strange like living the memories of someone else or maybe having woken up from a long dream or a long sleep years and finding that the trees around you have grown taller,surprise
i heard a song on the radio yesterday that just made me feel amazed at the lyrics,surprise
i have a feeling that even if this was the only line up there jesse might make the hike all over again just to finish this amazing project,surprise
i feel like im in this weird in between stage,surprise
i sleep in a dreamy state waking up feeling dazed every now and then yet the cyber slut in me craves to creep up on here every evening,surprise
i could just picture it with it homely feel and also having the smell of books would just be totally amazing,surprise
i do feel so funny about myself because i seems to want to have good guy image although i have been keep saying wanna go clubbing but ended up did not even go once,surprise
i was feeling pretty impressed with my potential new boss,surprise
i feel curious to know more i think the procedure worked well,surprise
i feel many readers are amazed by the many ways the whitley family has influenced hollywood and continues to influence today,surprise
i know this isnt real but it feels strange to me at times,surprise
i feel all funny just thinking about it,surprise
i feel like if you can t admit that you ve always been a little bit weird or a little bit quirky it s just taking yourself too seriously,surprise
i feel curious about this one i think i might fall in love by uncle montagues tales of terror,surprise
i don t think anyone feels curious about masala movies they are just light entertainers,surprise
i didnt feel surprised i didnt feel upset i didnt feel angry i didnt feel anything,surprise
i remember feeling surprised and stunned that a writer of the stature and quality of lauren had read one of my books long ago,surprise
i was grateful for each and every one but it still made me feel funny,surprise
i beside see smiling feel very funny,surprise
i knows is the boy makes her feel weird and yuuki doesnt know what to tell her,surprise
i feel strange actually sitting beside some people i don t know,surprise
i feel stumped something comes out of my pen and im always a little amazed by this,surprise
i read through the ol feefyefo space i feel amazed at how much i could blabber and how transparent i was with my life,surprise
i wander into the depths of the markets because i m feeling curious,surprise
i was on the phone with tech support today and it turns out i have something in common with the guy on the phone we both have thoughts and feelings are are curious about this world,surprise
i am feeling so stunned and sad about the earthquake in christchurch new zealand yesterday,surprise
i feel is strange rel bookmark november a href http eagleandhammer,surprise
i feel curious reserved habits was nothing else,surprise
i feel amazed at the world,surprise
i feel like a strange antisocial creature difficult for the cooperation,surprise
i get the feeling he is telling peter many people will be surprised,surprise
i feel like all i ever do anymore on the internet is bitch about my kid but seriously im amazed that so many children survive toddlerhood,surprise
i don t know if i would enjoy those books now but i still remember feeling enthralled with those characters and with the amish lifestyle presented,surprise
i was feeling amazed because i didnt find myself that good as what they have commented,surprise
i feel curious excited and impatient,surprise
i am feeling insatiably curious and i want to read and learn more about digital media and social marketing,surprise
i have learned so much with him even now i still learn new things about rabbits i feel you always keep learning about them being amazed by them,surprise
im still feeling very incredibly overwhelmed with the entire situation,surprise
ive ever written although im not gonna reproduce it here because it is full of boring academic references and also it specifically analyses several prominent bloggers and their treatment of romantic relationships and id feel weird about putting that on the internet,surprise
i woke up feeling amazed and then i realized that a dream is still a dream,surprise
i also came away injury free and feeling amazing throughout the entire race,surprise
i even feel surprised if its dark outside,surprise
ive gotten so used to them to the extent that im actually feeling weird without them,surprise
i feel pretty weird blogging about deodorant but im a bit of a deodorant snob and find it really hard to find a good one,surprise
i was talking to my district leader elder hill last night and was explaining to him some of my concerns such as not seeing the fruits of our efforts not having baptized anyone yet and just plain feeling like i have so many problems and weaknesses that its not even funny,surprise
i still blush and feel shocked about the recreational activities that i sometimes unwillingly and willingly hear sometimes,surprise
i feel lola falls under this strange demographic,surprise
i have chose for myself that makes me feel amazing,surprise
i feel that they were just as surprised to be sharing my dream as i was to have them sharing it,surprise
i feel almost weird that someone i didnt know has impacted me emotionally these last few days,surprise
i like to do things that leave others feeling surprised and delighted,surprise
i lose friends because they apparently dont like that i tell people how i feel its funny how that works,surprise
i gotta say im feeling pretty impressed with how everything ended up considering my total dollars dropped totaled and i have three small canvases to play with display with,surprise
i have a plan with friends and a good support system of neighbors to keep me company but it still feels really weird,surprise
i remember feeling equally dazed and road rollered when the twins came home and that was with the pee and poo all neatly tied up in diapers,surprise
i do i feel very impressed with the one who made the story,surprise
im still feeling the effects today in that my body isnt particularly impressed by me at the moment and it feels a but stressed out trying to sort itself out,surprise
i feel like in a way i kinda shocked my body by changing my calorie intake,surprise
i have been feeling overwhelmed and time poor,surprise
im a creature of habit and major life changes always leave me feeling sort of dazed confused and occasionally sad and grumpy,surprise
i feel a bit overwhelmed in some areas so i may come off as whiney,surprise
i just feel a weird vibe,surprise
i shrugged not feeling particularly enthralled about the educational tour and feeling guilty that i would prefer to stay at home and play house,surprise
i talk to my real estate agent for some advice on how to proceed not that i feel she will offer much again im not too impressed with her,surprise
im feeling a bit overwhelmed tonight and not really for any good reason,surprise
i do remember the feel of the book and being incredibly impressed with it and knowing that ill have to read it again,surprise
i feel amazed how this sh it things happened to me,surprise
im lacking in the accessory department but i have a feeling that once i actually start putting the things i own in one place i might be a little more surprised at what i find,surprise
i have no idea if this is interesting for anybody to read but i found myself smiling like a fool laughing at some points and feeling overwhelmed with gratefulness,surprise
i feel that this is something i m curious about as someone who listens to current music but i realized that songs become weird and their unique vibe gets lost when non korean songs are translated into korean,surprise
i just be feeling curious about a few tings,surprise
i still feel amazed by its beauty diversity and joie de vivre,surprise
i did in fact feel very strange,surprise
i feeling strange energies,surprise
i feel a little funny discussing the realness of a portrayal of a condition ive never experienced,surprise
i haven t seen her since they broke up but now i m in this class and she is here waving at me so i go and sit next to her and get out my stuff and talk to her but i feel really strange about it because she cheated on my friend which i really should have mentioned before,surprise
i had a hard time focusing on my life and walked around feeling dazed and confused,surprise
i feel only a little bit weird about making decisions without him,surprise
i feel impressed to discuss sin again though i do not know why,surprise
i was feeling like a shocked rat in a skinner box experiment,surprise
i admire makes me feel amazed at my life,surprise
i just remember feeling so amazed that this little person and i am only a child was my new brother,surprise
i can remember i feel especially impressed to start fresh new and remove clutter,surprise
i feel surprised when i looked new,surprise
i dont want to put to much pressure on myself but i feel like i could make the most amazing year ever,surprise
i have to care about and care for people with disabilities who are targeted by sensationalist media reports as well as at the same time feel the sorrow i do for the parents family members and community in newtown connecticut that is stunned by the events of today,surprise
i have also been feeling completely overwhelmed and so incredibly unappreciated,surprise
i will be honest it did feel a little strange being in the company of such greatness,surprise
i got contact lenses the other day and am trying to get used to them i feel like my face looks really weird without glasses and its so strange when i see myself from a distance,surprise
i am just waking up with not nearly enough sleep and feeling dazed,surprise
i kept thinking about how awesome i would feel afterwards remembering how amazing i felt after my emotional spin class the previous night,surprise
i thought about it a lot this weekend because i watched the fault in our stars which is about two kids who have cancer so that made me feel really weird and anxious,surprise
i am feeling a little overwhelmed but ive been given some amazing tools met some wonderfully creative fun and crazy people and was reminded that i have a voice that has been silent for too long,surprise
i was mightily nervous given that i crashed and burned at this point last time and i still remember feeling shocked at how hard i found the x second runs,surprise
i feel like im getting there i have to admit i was stunned when i realized my list my entire laundry list of here to for impossible pie in the sky dreams,surprise
i did not feel any emotion or was deeply saddened or stunned for that matter,surprise
i accidentally feel the mood and jumped into blogspot then what surprised me was for over views lol,surprise
i remember looking out car windows as i was passengered around those first few months and feeling vaguely surprised as i was already deep in shock at how different things looked,surprise
i know that i will always feel a little bit strange and out of place in the academy,surprise
i feel weird knowing mine died when i wasn t around,surprise
i actually prefer peep toe shoes because of it because then i wont notice that my shoes feel funny,surprise
i started feeling dazed,surprise
im feeling more than a little dazed,surprise
im not sure how i feel im shocked honestly,surprise
i say walking away and shaking my head feeling a little dazed to get the drinks,surprise
i still feel a little bit funny when i discover his fb damn it,surprise
i might go out of existance i smile pick up my pen and fill the page with the things that you say the thoughts you obtain the moments you refrain far away its cause youre going insane and suddenly im left afraid because im not feeling that way instead im amazed why you gotta be that way,surprise
i feel a little overwhelmed this weekend i went out to the beach and just stood in the surf watching listening and feeling the waves come in and out,surprise
i couldnt help but feel a little curious about it though which is what finally led me to plan to rent it this evening,surprise
i feel a bit surprised that motion capture films dont seem to me to have the visual richness and detail that full cgi films have,surprise
i feel funny cause bonka neva thanked me fa his awards,surprise
im feeling a little overwhelmed,surprise
i notice i jump when i feel anything in my hair which i cant say im surprised about,surprise
i think many may dislike it as i do and still feel they should be impressed by it the educated and privileged may now be more susceptible to the mass media than the larger public they re certainly easier to reach,surprise
ive suffered from eating disorders and depression since i was and i feel amazed to say that i consider myself recovered now,surprise
im beginning to feel my way around the systems and im very impressed with the overall level of automation and control that goes into making memset what it is,surprise
i feel when you should walk in to see the film you should be pleasantly surprised with the film s inherent connect,surprise
i still feel a bit stunned and i suppose i should be racked with regret and shame,surprise
i do like to think that in the near future ill feel the urge to write up an album or two that has really impressed me most likely a href http handsomefamily,surprise
i feel less weird about my premature graying that started,surprise
i feel shocked that my photo was chosen as the best photo of the week,surprise
i have no relief from my aches i am feeling just a tad overwhelmed by our current living situation and i am still unemployed and getting really really antsy about finding work,surprise
i would feel weird having my dads hand on my stomach for any amount of time especially for several minutes while he waits to feel taryn jumping around in there,surprise
i would say to mira i am feeling really curious about what its like to live in a castle and im looking it up on my computer,surprise
i am feeling a little overwhelmed like i do every year at this time at the speed each holiday season creeps up on us,surprise
im feeling amazing because im answering these questions from new york so life is good,surprise
i feel as if i am on hold somehow that ive been given a time for contemplation consolidation and it is a most curious feeling,surprise
i feel dazed and unsure of a world in which dying young and disasters that sacrifice so many lives in one swath happen let alone happen with frequency great enough to make me cringe,surprise
i stood kind of dumbfounded looking around feeling culture shocked,surprise
i feel an urgency to introduce readers to the amazing and touching story of anna iya and erik,surprise
i feel somewhat surprised when reading george hobica s discussion on usa today,surprise
i feel a remembrance of the strange by justin aryiku falls into the latter category,surprise
i start an aimless internet search when im feeling curious,surprise
i feel in retrospect if i have the ability to think back that all this history stuff and the miles upon miles of newsprint that has carried my feature articles impressed and impacted the readership the way it was intended,surprise
im feeling overwhelmed,surprise
i feel very shocked i have never expected that would happen to me,surprise
im still not sure why reilly feels the need to be so weird,surprise
i am feeling a bit overwhelmed tired anxious etc,surprise
i feel like falling in love with her is part of being amazed at how she makes our family so much better she tells the advocate,surprise
i am feeling amazed to see what god is doing new friends who aren t only amazing but get me who don t run and hide in a dark room unless i am there and they are joining me,surprise
i usually doubt my self at this point as i feel i should be that amazing housewife who motors all day and has a list of things they can tell theyre husband they did all day while they were at work and i was at home,surprise
i am feeling a curious sense of relief a lightness that i never thought possible back when sex seemed to be the most desirable of desires and the ultimate act of self validation,surprise
i feel so amazed seeing chiangmai,surprise
im not quite sure why and she treated me well but the entire time i was there i got this distinct feeling that she wasnt impressed,surprise
i admit to feeling bitterly surprised at how rapidly they have thrown in the towel,surprise
i remember frequently feeling surprised by the statistic that of the population are hsps given that i almost never came across anyone who was an hsp,surprise
i hope you keep handing out books of mormon to those you feel impressed to give them to,surprise
i bit my lip as he slightly whispered this will feel weird tell me if i hurt you,surprise
i get the feeling that i impressed ecker,surprise
i was a tad more jaded stopping the booth rep from reciting his memorized spiel by mentioning that i had been following the unit for a year but came away feeling pretty impressed,surprise
i have a curious feeling that benjamin button is the next forest gump curious case of benjamin button review a href http stayviolation,surprise
i feel that chris is not too impressed with my stuff so naturally i hate myself and want on the next plane back to seattle as soon before the showcase as possible,surprise
i just really feel so curious about whether you and dad have ever been bitten,surprise
i am not a catholic i certainly don t feel it is my place to take sides on this issue but i am curious how the leadership of the catholic church will mesh with its own people over these issues in the coming years,surprise
i will make you feel amazing tonight i need you no,surprise
i feel about it has me shocked,surprise
i just posted when i reached to someones facebook that i used to think as one of my best friends which makes me feel so shocked and frustrated,surprise
i remember last summer feeling so overwhelmed,surprise
i feel amazed to say that i am doing what i only dreamed of doing again,surprise
i do when i m feeling a bit weird to reground myself,surprise
i remember feeling shocked and somewhat embarrassed that the adf unity rite i was consecrated in was so much about me,surprise
i see lyman i just feel more and more amazed about us,surprise
i mean architectural wonders just make you feel wowed impressed and you just end up really respecting the people who built them but nature just makes you feel so much more aware of the world around you without actually actively doing anything because they were always there you know,surprise
i know so many people rave about it that i m feeling a bit weird,surprise
i was cut into feeling pain that shocked me,surprise
i am not desperate for a job and don t really feel impressed to go find a job because i have one img src http randythomas,surprise
i will tell ya i have been following a very norma inspired diet for a week tomorrow and i feel amazing,surprise
i feel quite surprised that i have a fairly significant amount of blog readers,surprise
im feeling awfully overwhelmed by everything right now the demands from mother the needs of my family trying to shield my dear husband from as much as possible the list goes on and on,surprise
i feel amazing doctor,surprise
i won t say that i didn t feel any fear because i did but i was surprised at how calm i was,surprise
i actually found myself resenting the song for making me feel which is weird for me because i used to play guitar and sing in church like all the time and music was a huge part of my life in college and high school,surprise
i had on my plate without the stress of feeling completely overwhelmed,surprise
i feel like i should admit to her how many times a week i make pasta for dinner and that i never make my bed at school so shes less impressed or something,surprise
i don t have the longevity or experience in the field to get a feeling for that and i m curious as to what the speculation might be,surprise
i even like to play with my negative feelings by becoming curious,surprise
im feeling is funny because its totally unnecessary,surprise
i sat down at the table for lunch after proclaiming how amazing i felt considering i started to feel weird,surprise
i am trying not to feel so overwhelmed with everything i am trying to make small steps,surprise
i feel shocked robbed and shaken of everything i thought i wanted,surprise
i was feeling amazing so i was disappointed when my lab work in december came back the same way it did the previous year overall it was good but i did not have enough protein in my diet,surprise
i may give up much sooner than my days if i feel like im gonna die but ive been curious for a while,surprise
i have stopped feeling surprised,surprise
i went to work but i feel stunned and numb,surprise
i feel strange pangs of loneliness or emptiness bubble up,surprise
i wonder why i feel surprised that things are different than i expected,surprise
i remembered seeing these pieces and feeling so impressed by them but seeing them again i was surprised i was blinded by my memories,surprise
i just feel curious of what my mission is to be,surprise
i feel a little funny about being so open and personal in my sandblog but if admitting all of this helps me achieve my wish than it s worth it,surprise
i often hear that i give a feeling like i m longer here and folks are surprised to hear that i m only years old hyphen,surprise
i found the art at the other side of all i feel very impressed with my work,surprise
i always feel a little weird writing about a guy ive dated because i dont want to do them an injustice or have them come across in a negative way,surprise
i feel weird tonight,surprise
i feel a strange sensation course through my limbs,surprise
i don t know how sasha fierce feels i m definitely curious about the future of beyonc s sound,surprise
i am feeling quite curious and concerned,surprise
i like the padding because it makes the ride more comfortable but it feels funny to walk in when not riding let alone what it looks like lol,surprise
i use vegetable glycerin in my oil cleansing mixture each night and my skin always feels amazing when i use glycerin,surprise
i think im getting the feeling that were the weird ones for using dryers most of the time,surprise
im more attracted to him because i feel that he knows that hes weird and being a weirdo myself i figure things might work out,surprise
i feel like this inside theres one thing i wanna know whats so funny bout peace love and understanding,surprise
i start to remember how desperately i felt when trying to get pregnant after feeling impressed to start having a family and soon finding that its not as easy as you think to just get pregnant,surprise
i feel ludicrous even thinking these things,surprise
i feel like itd be strange at the least and possibly offensive to tell a gay friend id like to experiment or something like that,surprise
i visit this brand for the first time i feel surprised there are so many accessaries at our website,surprise
i feel the most overwhelmed,surprise
i got the feeling that steve was impressed that bi was used in manufacturing and not only in finance as in the us,surprise
im feeling less impressed with the speech this morning than i was last night,surprise
i love they way they feel in my hand im sort of shocked i dont have some psycho fetish,surprise
i feel weird in the companies of those who approve and disapprove of dot com marriages,surprise
i feel so amazed with myself as i could stride nonstop for more than minutes,surprise
i kept waiting to feel the water and when i did i was surprised at the velocity i gained,surprise
i find myself feeling shocked hearing that word spoken out loud in my own lounge room,surprise
i think i deserve for once this freedom makes me feel amazing,surprise
i am feeling a bit overwhelmed here,surprise
i was feeling quite impressed with myself for taking just eight months to finish just the lyrics for one fairly simple though sufficiently tortured emo song,surprise
i am nowhere near finished but how much better do i feel its ludicrous,surprise
i feel developers should hear that people are really impressed with their work if they are,surprise
i still end up feeling a bit dazed from sheer sensory overload after spending an extended time in a very crowded area but today it wasnt too bad and the good company more than made up for it,surprise
im feeling a little impressed at their creativity,surprise
i used to feel when i was still a child being very curious and innocent with everything and everyone around me,surprise
i still feel a little weird calling the ceo of my company bob but relented after he corrected me repeatedly,surprise
i get that sick feeling like the one you get when you hear that someone passed away and youre shocked and lightheaded and i realize hes really gone forever,surprise
i don t usually blog when i m feeling this way but i m actually curious to see if i can put it into words,surprise
i always feel so flattered when another amazing blogger asks me to share a little of world on their blog so here it goes,surprise
i cant help feeling curious you know after all ive heard,surprise
i miss the feeling of feeling amazing,surprise
i left feeling slightly dazed confused and disappointed,surprise
i feel like i should say something but im shocked into silence,surprise
im feeling a little dazed and confused today,surprise
i i have all the predictable feelings loki is that guy i know from many many other fandoms im not impressed with me for my loki feelings,surprise
i feel and i was amazed to find out where papamoka shows up,surprise
i closed my eye taking in the feeling wishing that i could go back in time and re live these amazing moments when i opened my eyes i was taken back by fahad s presence he was leaning against the skeleton of the swing set and smiling at me,surprise
i know also that many others especially parents feel shocked and betrayed at what has been revealed,surprise
i feel funny without,surprise
i feel so amazed ive had views in the past week,surprise
i have some minor neuropathy going on in my fingers and my fingernails feel funny sensitive so that might mean that i could be losing them soon,surprise
i feel slightly dazed and tired and angry but that is a normal emotion and mood for me to experience from day to day or week to week,surprise
im excited for these new changes cause i really feel like it will help me feel like myself again in this funny blogging world,surprise
i feels shocked looking at the elder fitch twin,surprise
i was okay with it but still little have feeling for that my brother was more amazed he like mihm but he wasn t going to get playing time,surprise
i dont mean to boast but i feel rather impressed by my message,surprise
i am feeling quite impressed with myself because i went two directions across the top row and down the left column,surprise
i feel like a monster because as we make our way through the rubble and stunned bodies all im thinking is that we need to find a way to keep going,surprise
i feel funny about saying any of this because the book is selling millions of copies every week and it seems i m the minority in this,surprise
i was feeling this really weird sense of isolation that would have creeped me out pretty bad if i was alone,surprise
i cannot begin trying to understand how it must feel to be surprised by an earthquake or see the devastating pictures live to escape from a tsunami,surprise
i wake up feeling dazed from deep slumber and convoluted sometimes exhausting dreams a bit like a href http skdd,surprise
ill add i havent tried all that time but i do feel as i adapt and pick up techniques quickly this is one of the things im amazed that its taken me this long,surprise
i also feel curious when i read all the readings because not only i want to have depth understanding of social constructivism itself but also i found this unit gives opportunity for me to understand the philosophy of each type of constructivism,surprise
i love seeing what books resonate with my girls i love seeing their faces grow serious when characters face complications trials and obstacles and i love the discussions that come out of reading time as we talk about main ideas how the books made us feel and what may have surprised us,surprise
i wake up feeling kind of dazed and groggy,surprise
i still feel quite amazed at how silent snow is compared to rain,surprise
i feel so curious why she add me back,surprise
i learned about taking a dip in the dating pool its that in relationships its always better to feel surprised than disappointed,surprise
i looked back at her feeling myself desperately curious,surprise
i feel enthralled by the lyrics and the rhythm,surprise
i was aware of feeling so surprised so disappointed i don t think i ever really thought i d have to have a c section,surprise
i feel surprised by my reaction because as a younger woman i always thought i would be a darling older woman,surprise
i was supposed to be working on a grant application but feeling overwhelmed i decided to curl up with my computer and netflix,surprise
i feel a bit stunned actually,surprise
i feel very shocked by how many people i talk to who havent seen this movie,surprise
i feel like im craving it and then no matter what i order i just really am not that impressed,surprise
i have only taken three rolls shots so far and really i have been feeling my way with a very strange camera a lightmeter and the long forgotten thought processes of slow photography,surprise
i declined this invitation but secretly i could not help but feel curious,surprise
i can feel that the two girls are shocked with what i m saying,surprise
i suspect that a few feel revulsion it elicits a weird uncomfortable fascination,surprise
i had the feeling he didnt and he actually seemed impressed with me or i should say my work and my range of skills,surprise
i feel a strange connection to them a familiarity that most of the time i link to ancestral memory,surprise
i feel amazed knowing that it had been even bigger,surprise
im feeling funny a href http,surprise
i feel weird sharing that but this is the source of some of my greatest insecurities,surprise
i can run and it feels amazing,surprise
i returned to the ground floor feeling dazed,surprise
i feel this ad does i m not impressed,surprise
i feel that im as curious as when i was a child,surprise
i hardly feel they have any wow factor at all until i saw how stunned liv was at the entire concept,surprise
i immediately related to feeling curious about everything,surprise
im trying to do something often i just look at the whole problem and feel overwhelmed by it then sometimes avoid the issue for as long as i can,surprise
i feel amazing after every thrift trip i got on and to have some many in a small amount of time if my idea of bliss once i am earning again i will re claim my crown of thrift princess,surprise
i enjoy reading immensely and i feel strange or off when i m in between books or just lack the time to read,surprise
i feel shocked his words very pure very self,surprise
i shouldn t have been surprised by the amount of courage that these men had but i can t help but feel slightly shocked by it,surprise
i feel so weird about it,surprise
i feel like i m living in a strange world my wife s paternal grandmother often said,surprise
i sit here feeling dazed after spending most of the afternoon in a comatose state i realise that hours in a day is not enough to do things we really want to,surprise
i finally have access to the website on our development site and am in absolute rapture and delight over how it looks feels and even functions and amazed that my baby has finally arrived,surprise
i feel so strange and sick i have to wake up in three hours seems like everything runs in threes now days t r e e s,surprise
i know theres no hurry to get it done but it still feels a bit weird to not be checking out the newest patch content,surprise
im happier when im feeling curious and genuinely looking forward to the next page alone in my reading chair next to the heater curled up in a blanket than when im muddling through guild wars or wot,surprise
i feel like i quote him or talk about him much but it is only because i am continually amazed and nourished by his spirit and his understanding and excitement for life,surprise
i feel like when i left scad i was finally coming into my own and making work that impressed people,surprise
i remember feeling shocked by the emotions because after all i was pregnant too and at that point we had no reason to think anything was wrong,surprise
i feel you jerked a little surprised at the hand that touched you,surprise
i think back to everything that happened in the book im left feeling stunned,surprise
i started going down the adventure feeling totally ludicrous and wondering if this wasnt all just a waste of my time thats when i saw this screenshot,surprise
i think are close to me as online friends also feel they still very curious about me,surprise
ive done while not writing was had flowers delivered to someone just because brought a meal to a new mom on a day she was feeling overwhelmed and now im stumped trying to remember what has been done,surprise
i am so burdened to be a spiritual father to all generations and i really feel impressed that each and every believer should do so,surprise
i remember feeling overwhelmed and noted the particular smell off the city mostly cigarettes and people with wafts of charred something,surprise
i can feel dazed by all those choices so much so i find myself standing still in front of that blank page unable to make a move,surprise
i feel amazed because when he watch his victim intensely the lying blonde has a pretty face like a girl his skin so smooth his lips so soft and pink and,surprise
i know i have an international audience but even now i feel pleasantly shocked that i can reach certain parts of the world,surprise
i always feel like i need drugs after which is funny cuz its a health food store,surprise
i wonder why people feel the need to make up stories to be amazed at the miracles around us every day,surprise
i discovered out what created my wife feel lovedi was shocked,surprise
i did feel my heart rate increase after the baths and i am curious as to how they d work in the long run on a fat loss plan but between the cost of lbs of ice at a time and the increasingly low temperatures in my apartment i gave them up after a short run,surprise
i feel like every day i walk around with so much stress and sadness that im literally amazed im still here that i still function that im still basically a friendly stable person,surprise
i feel weird taking up time and making these sometimes terrible sounds that people have to hear,surprise
i fight for him when i feel it is just he said and alexander s gaze seemed to turn curious,surprise
i feel curious and bewildered,surprise
i always feeling strange internal feeling like continuous wailing of siren in my head and when nobody hears i couldnt help crying like a siren when no one heard,surprise
im writing this blog post and feeling totally amazed at this wonderful life we lead,surprise
i can remember feeling really amazed at how i could settle down in my playroom read bombsite conservatory and find myself escaping into a whole new place altogether,surprise
i feel like i have weird sugar issues that my hunger is all over the place,surprise
i feel like a bit of a strange one,surprise
i think its time to find better stress management techniques and choke back this feeling of being overwhelmed,surprise
i feel a bit strange saying it,surprise
im not sure if anyone else will feel these but i was pleasantly surprised by my read of the first and second book,surprise
i can legitimately offer to anyone in the program somehow i feel they would be less than impressed by adrasteius and eulalias adventures tho i submit that they are fan freaking tastic,surprise
i feel its a weird turn of events which is marred a bit by a slightly weird prose,surprise
i feel absolutely amazing,surprise
i always feel overwhelmed with a mixture of feelings while listening to these songs,surprise
i want to feel amazed a little more often,surprise
i shook my head feeling dazed,surprise
id love to know in the comments i feel like its a funny thing but i always love reading about how people schedule their days,surprise
im feeling a little overwhelmed here recently,surprise
i feel the tug of the fabric against my thighs and butt i am overwhelmed with the feeling that i am just too fat,surprise
im sure youre not alone in feeling a little funny about enjoying art even black created and black endorsed art littered with a term that would brand you as hateful backward and racist with a capital r if you uttered it in conversation,surprise
i feel gratitude for the opportunity to have met so many amazing people through the magic of the internet,surprise
im also feeling overwhelmed by how often im saying im too old for that shit,surprise
i started feeling a bit strange,surprise
i dont watch a whole lot however when i do i turn off the tv and feel stunned,surprise
i feel like i ve impressed a lot of the scientists with my ability to quickly pick up all the skills expected of a tech,surprise
ive been feeling for awhile and he looked at me with a surprised look and said is that you,surprise
im not feeling overwhelmed by school just yet i only give that a week or so hah,surprise
i feel kind of strange,surprise
i am not sure why in that moment that i thought i would be able to feel it hellip but it was pretty funny,surprise
im feeling extraordinarily dazed and bewildered this arvo for no particular reason and my muscles all hurt even though i dont actually have any,surprise
i feel like amazing x men compensated enough to earn it a out of,surprise
i feel dazed deserted,surprise
i feel surprised that scientists to actually question about how it is weird for the initial conditions of the universe to be fine tuned to very special values such that our universe is almost flat,surprise
i still feel so amazed knowing i stood right in front of jason,surprise
i spent some time at the school yesterday talking to folks and snapping pics of my daughters as they delighted in the last day of school fun and i came away feeling impressed and happy which to tell the truth is my usual feeling about the place,surprise
i could feel myself hit this strange foggy wall,surprise
i winced and said that does not feel funny,surprise
i feel the need to say that i was very amazed with the quality of the presentation and the resources which mack michaels puts forward,surprise
i could spend hours on a set and feel amazing,surprise
i feel impressed to talk to my older children about my vision for our family and enlist their aid in accomplishing it,surprise
i have to fight from feeling overwhelmed by it all,surprise
i feel curious about the subject matter,surprise
i know the playwright robert reid socially and i feel a bit weird being so critical of work by someone im kinda sorta friends with,surprise
i feel could be amazing but like wonder woman is rarely handled well,surprise
im feeling this little one move a lot now and im constantly surprised by his her little kicks,surprise
i am feeling a lil overwhelmed again,surprise
i was feeling overwhelmed,surprise
i dont i feel amazed,surprise
i feel like when i was a kid it was constantly impressed upon me how awesome ants are,surprise
i were discussing on freedom and economic growth in global civil society i cudnt help but feeling amazed our frens in da philippines dat they r happy maintain basic living condition without rapid development as long as their freedom is not being touched,surprise
i also don t know why is the reason of this freaky feeling that disturb my funny mood it should be but it don t,surprise
i personally feel amazed that i have managed to connect with such amazingly talented and creative people through this little world of dance,surprise
i am a boy i like girls they are pretty and i like it when they smile at me but it makes me feel funny,surprise
i am currently feeling i wouldnt surprised if its flipped again,surprise
i barely even feel like explaining the weird history of shadow dancer the not really console port of the arcade sequel to shinobi even though there was already a console sequel to shinobi thats a totally different game the revenge of shinobi,surprise
i feel fighter move in me and i am amazed at the way he and my tummy is growing so quickly,surprise
i get the feeling that hes not impressed with me,surprise
i started back at work i have to admit that ive been feeling a little overwhelmed,surprise
i remember feeling shocked that he had called me religious,surprise
i find myself still feeling curious when i log into sl,surprise
i feel like the hymn says i stand all amazed at the love jesus offers me confused at the grace that so fully he proffers me,surprise
i still feel slightly strange with sorrow but i know its not something of god but of satan,surprise
i feel strongly impressed that there must be something for me to do,surprise
im just nosy or i like to see the process or behind the scenes of a peice but i feel like i should at least provide a little treat to everyone who is curious like me,surprise
i feel thompson needs to work on then again i m not exactly impressed by flash and fluff,surprise
i feel amazing when i lift,surprise
i pick out of the air and feel curious about,surprise
ive seen how mean other kids and adults can be to a child who doesnt fit into the norm and no way was i going to label him so he could be made to feel he was anything other than amazing,surprise
i have a feeling that my plant may have been temperature shocked,surprise
i was feeling pretty overwhelmed and stressed out over the whole affair but a few minutes of straightforward logical there totally is a right answer algebra combined with overhearing some trigonometry another tutor and tutee were working on at the library calmed me right down,surprise
i always find the way to feel and be impressed,surprise
i should not have shared my feelings with him but i was shocked by them too,surprise
i know im making a big deal out of it but i feel quite shocked that i can drive,surprise
i cant help feeling a strange variety of relief for that,surprise
i feel funny just calling it a film,surprise
i was like oh thats awesome blah but then he was like reminding me hes interested in this other girl and i was like i know this but what concerns me more is if it makes you feel too weird to be with me like this,surprise
i can say one good thing about this movie and thats the computer generated transformers took on a truly real look and feel i was amazed at how fluidly them integrated with the live action and just how good they looked in general,surprise
i would be feeling i am genuinely shocked and surprised that he just hit jude,surprise
i often pass by the streets of jurer and feel impressed by some nice constructions and safe atmosphere it has,surprise
ive been medicated today but i feel funny,surprise
i didnt feel as amazed as i expected their nail area is quite small and isnt very posh and cushy like i hoped,surprise
im feeling a bit dazed and out of sorts like someone needs to poke me to really wake me up,surprise
i was feeling strange downstairs i could still feel the dull sensation of the contractions but the nurse said she didnt want to check me for about an hour,surprise
i even feel it is a game that i am a part of some strange reality swarming with violent carnivores adding to the bare landscape of the place i now know,surprise
i spent a lot of time feeling a bit stunned that they thought i was that awesome,surprise
i believe the most readers feel impressed by the individual journey,surprise
i have to admit im feeling pretty overwhelmed,surprise
i am feeling much like the guy in the pic above a little overwhelmed and starved for time but very delighted to be making new work and preparing my little florida bungalow for thanksgiving guests this weekend,surprise
i need to do this that and the other for college by such and such a date because for the past four years ive always felt like ive been needing to do something college based and now i dont but i still have that feeling its really weird i feel almost guilty in fact,surprise
i feel a little stunned but can t imagine what the folks who were working in the studio up until this morning are feeling,surprise
i feel shocked and sad at the fact that there are so many sick people,surprise
i am right handed however i play billiards left handed naturally so me trying to play right handed feels weird,surprise
i was so uncomfortable and feeling weird feelings but wasn t sure if they were contractions since i never really felt contractions with jared until they jacked me up with pitocin,surprise
i think i wanted audiences to feel impressed inspired or entertained when i was on stage,surprise
i will practice meditation if i feel overwhelmed and hopefully become successful in peaceful practice,surprise
i just feel are ludicrous and wasting space or so trite they should have looked at the book first and come up with something a little more original,surprise
i feel all funny sometimes,surprise
i love and captured an atmospheric feeling in their landscapes that really impressed me,surprise
im feeling dazed and alot of things in my mind,surprise
i purple month doesnt feel surprised in fact zhuo feng up many pupils all clear xiao her identity dont even say main star feng of young,surprise
i was entertaining myself with this memory while at the same time feeling like that guy in that movie dazed and confused who says i just keep on getin older and the girls stay the same age,surprise
i feel like i would order carryout from if i lived in the area i am still curious to try some of their other tacos,surprise
i have spoken about before but the feeling is getting stronger and i am curious if others have similar thoughts,surprise
i feel like i should not be surprised at this development,surprise
i go through my day feeling your movements and am amazed that something so miraculous is happening in my body its like a special secret only you and i have,surprise
i feel curious because i would like to explore what is at the top of the helterskelter like plant,surprise
i am feeling overwhelmed by trying to do it all that i think on the women before me,surprise
i feel thats just strange on wotcs behalf,surprise
i received the blanket i was absolutely amazed on how fluffy it is and extremely soft i really didnt think it was going to feel that amazing,surprise
i feel overwhelmed how about you,surprise
i feel a strange gratitude for the hated israeli occupation of sinai that lasted from to for actually recognizing the importance of sinais history,surprise
i always feel very shocked by that me threatening,surprise
i found myself feeling a bit overwhelmed,surprise
i guess it doesn t help that i got sick on black friday and was forced against my will to maintain my promise to stay in but being back in the city feels amazing,surprise
i feel as though i am on another adventure and i am more curious about it than anything else,surprise
i feel more amazed and more thankful for having e in our lives,surprise
i still sit back and feel amazed by the whole thing,surprise
i have been feeling overwhelmed with it all and needing to take time out,surprise
i replied feeling strange at giving the orders,surprise
i wonder if the homeowners would feel weird if i parked to gape at their landscaping,surprise
i both feel impatience at the rate of loss and impressed at the same time,surprise
i ran errands to buy cora a few newborn sized sleepers i had not previously made any newborn sized babies and went out to lunch to celebrate how great i was feeling i feel amazing no pain no pain meds and moving around almost completely normally at days out,surprise
i think or feel but like this person i am still amazed by them,surprise
i feel shame in a strange way,surprise
i would look up at the sky scrapers and feel amazed that this little girl from montana was there,surprise
i mean the idea is intoxicating of course and it feels amazing when its happening but what happens in the morning when you wake up and you have to go to work and so amp so is all up in your shit about something that is completely impractical,surprise
i start to feel a little overwhelmed knowing i have to make still,surprise
i feel like they bring the characters to life completely and i m always kind of surprised what the actors do do together,surprise
i started feeling a little funny but this was not anxiety but at the time i didnt know so i started to tell my brother man i dont feel good and he said whats wrong i said i dont know but u better drive so i pulled over and let him drive,surprise
i got home and told peter how i was feeling he wasnt shocked at all by what i was telling him,surprise
i stay the more distanced from others i feel it is strange because i sometimes feel like a new friendship is growing or forming,surprise
i just feel like im going no where and that the period of time where i was so very much enthralled with life and the options it proposed is now over,surprise
i don t feel betrayed coz the backstabber had no grounds for their accusation but i m just amazed at some people s ability to do such things,surprise
i feel this strange sort of liberation,surprise
i feel so weird and scattered with all wonders about a million different things,surprise
i feel a bit dazed but so excited i am going to be so protective she is not going to be let out until she is,surprise
i know it can take weeks for a book to go free on amazon and barnes amp noble and in this age where cents can buy a full length ebook i feel a little funny charging even cents for a work that is almost certain to be under pages possibly under,surprise
ive blogged and i feel strange about it,surprise
i cannot even begin to express in words the depth of sorrow that i feel having not posted any of my ludicrous rants over the passed days,surprise
i didn t think it was possible to make a cover that expressed the personality of the novel since it s a strange cross genre story but the photo that was found nails the heart of the book so closely that i feel a bit stunned,surprise
i wanted to skate fast wanted to try everything just to see the difference in feel which was amazing,surprise
i never know how to talk to people after shows i always feel a bit dazed so i hope they didnt think i was rude,surprise
i feel shocked that you d stoup to destinys child b,surprise
i feel so damn curious with what this blond doctor plan to do this night,surprise
i also miss the old curious child within me i just feel that the curious child inside me is dying slowly upon the shock of knowing that the world is not as beautiful as we thought it was,surprise
i just got back from another miler faster than yesterday and im feeling amazing,surprise
i can t help feeling curious about it,surprise
im feeling absolutely amazing,surprise
i suggest you take a look at them when you feel curious enough to know more things about specific english words related to familiar diseases,surprise
i type these words i feel like i shouldn t be surprised,surprise
i did a body scan and realized that everything was feeling amazing,surprise
i feel the pressure to be funny all the time,surprise
im ok with that it feels a little weird,surprise
i am still feeling a tad strange in those pearly whites,surprise
i am feeling amazing and seeing the difference,surprise
i feel a funny mix of emotions,surprise
im feeling a little dazed at the amount of items that i no longer use for decorations,surprise
i am just feeling overwhelmed and there is nothing i can do to fix it,surprise
id been feeling a bit funny all day verging on the kind of pre menstrual where you hate yourself so id been trying to take it really easy and just doing my own thing,surprise
i feel overwhelmed by my circumstance in all of my mere human ness i will remember that god has landed here,surprise
i almost feel a little bit weird about saying anything because it would almost feel like gossip,surprise
i cant seem to get passed feeling stunned,surprise
i need to be able to pursue the creative opportunities i crave without feeling like i m throwing my family under the bus funny how they still want to be fed even when i have a big gig to prepare for,surprise
i feel like such a goof ball for the things i am curious about but i see life as this adventure that i get to embark on and i want to squeeze every ounce of good from it,surprise
i was feeling and was surprised when i told him i felt fine no fatigue,surprise
i saw him on galaxies magazine i feel curious why this singer is so famous,surprise
i know how i feel about spamming when it happens to me and i was not impressed,surprise
im still feeling a little shocked over yesterdays news that pope benedict xvi has decided to resign,surprise
ive never been particularly bothered about my age or the ageing process and while i feel slightly surprised that im nearly i dont really mind,surprise
i seem to feel some fondness for this curious old man,surprise
i just started taking mine yesterday and i feel kinda funny,surprise
i didnt feel like explaining to her that im genuinely curious and want to learn and understand and at least have some idea of what people are saying to me,surprise
i left gastro feeling impressed,surprise
i really did not feel so impressed with houston when i came here last time,surprise
i feel amazed when i saw the final result even thos without fishes inside,surprise
i told my colleagues in the qa team that after knowing almost everything in the floor back when i was an agent now i feel like im a kid curious of almost everything,surprise
i think it is the worst feeling it gives me the shivers and just thinking about it makes my teeth feel strange,surprise
i feel very overwhelmed,surprise
i were howling with comet and the baby was kicking so much for john to feel it was so funny,surprise
i feel less weird about soliciting guys for them because well i am a guy i guess and i dont feel bad about exploiting them maybe,surprise
i had one sip and already i feel dazed,surprise
i feel they are amazing unique people and i love them so very much,surprise
i am left feeling dazed and confused,surprise
i have a feeling they might be pleasantly surprised,surprise
i feel that im most amazed still by silent knight which is an instrumental song ala hizaki,surprise
i shake my hand off which feels slightly stunned from making contact,surprise
i feel really amazed at times at what ive come through in the past months,surprise
i didn t feel amazed,surprise
i am feeling amazing,surprise
i feel and im amazed of how often i think i need to save the world,surprise
i go around people and i act normal but it feels strange,surprise
i feel really strange about this,surprise
i do remember my left quad starting to feel strange not hurting yet an aggravating feeling about a week or two before the marathon,surprise
i just don t feel as impressed and as happy with things like i used to,surprise
i feel so amazing about taking this trip as i think ill finally be able to relax and feel comfortable at home and somehow just melt back into it,surprise
i feel impressed by the professionalism and specifications the maintenance sets itself,surprise
i didnt feel as if i impressed the motherlover,surprise
i get the feeling he was as surprised as everybody else when people started getting sick,surprise
i can t help but feel amazed,surprise
i don t always feel like i have amazing style and most days i choose comfort over anything else but there is one thing that i feel makes all the difference in how i feel about myself and that is makeup,surprise
i am older and my life is very different i can feel how amazed i was that morning,surprise
i feel amazed and surprised when the exact question i am trying to ask,surprise
i feel simply amazed when i look back,surprise
i feel not just attracted to but completely enthralled and captivated by him like hes some kind of other worldly creature with nothing inside him but a really bright light,surprise
i get a day off from writing and feeling pressure to be funny and get to laugh at your stories and share some blog love monday is the wonderful a href http geremiafamily,surprise
i kept trying to feel shocked or depressed or somehow affected but i could not,surprise
i still had the feeling and it surprised me,surprise
i dropped back to sleep for an hour or two and had very realistic peculiar dreams which are now stuck in my head making me feel a bit dazed,surprise
i must say it was first numb then ouch my head feel dazed,surprise
im in the second trimester i feel amazing,surprise
i couldn t help feeling curious about what looked like fishing tackle hung in an adjoining cubicle an outsize plastic mac and sou wester dangled over an enormous pair of wellies,surprise
i have often observed that at times when it seems i should feel something im surprised by how disconnected i feel to the people and world around me,surprise
im watching my sodium which mostly means im feeling stunned and overwhelmed at how much is in everything we eat,surprise
i was willing to be honest with myself and put a name to what i was feeling i was shocked,surprise
i could get fucking stuffed in fucking chocolate without feeling weird and fat do you have troubles sleeping at night,surprise
i am looking forward to how amazing it makes me feel i will probably post more details about it in the coming days for anyone who is curious about this nutty thing we do on occasion,surprise
im not going to lie it feels really weird to be writing this right now,surprise
id been feeling a bit curious,surprise
i still had the feeling something weird had just gone down,surprise
i started feeling funny last monday i just knew i was pregnant,surprise
i feel a strange type of peace with this go around that i never felt with ally,surprise
im feeling very curious ill pull out geology maps,surprise
i feel so impressed by a dental work in front of me as well as a cost which we am deliberation suicide,surprise
i left feel serence and impressed by the man he is,surprise
i feel like im not gonna lie im really surprised that i feel like i should share this,surprise
i really want to watch it for the obvious romance reasons and i have a feeling like it would be a really funny kind of drama too i can also somewhat relate to the female main character who works with this boss who has a lot of pride and is a bit what you would like to call him as cocky,surprise
i am feeling overwhelmed i dont feel hopeless to often but i do cycle through frustration anxiety and sometimes anger that i have to go through this,surprise
i feel dazed and empty and like somthing is missing in my brain,surprise
i feel like this sums up the vanity of humans funny pictures funny quotes funny memes funny pics fails autocorrect fails,surprise
im going to be very honest with you it feels amazing,surprise
i feel funny things happening to my face and all over my body,surprise
i feel funny inside is that a reference to the circus going on in his underpants,surprise
i almost feel funny not adding a picture at the bottom of my post like denis and dave,surprise
im just feeling so dazed everyday,surprise
i as representative of everything thats wrong with corporate america and feel that sending him to washington is a ludicrous idea,surprise
i feel i should make is how surprised but entertained i was by the inclusion of so many popular culture and gaming references in the story mode of the game,surprise
He looked down at her astonished face with darkly angled,surprise
His eyes flared over her astonishe,surprise
"Her astonished eyes were taking in his costume : gold-embroidered satin jacket , knee breeches and jabot of the eighteenth c",surprise
He discovered to his astonishment that Frank now professed a,surprise
It was a measure of Arnold 's astonishment that he used the dialect expression of c,surprise
She realised with astonishment that he was actually pl,surprise
"He stopped , becoming aware of the glare from his uncle and the frank astonishment from his",surprise
The anger and astonishment in her face gave way to something very lik,surprise
"The boy bowed again , enjoying her astonishment in the same way he had enjoyed the applause of the T'ang earlier that day when he had played Ts",surprise
"I heard no more of the debate and to the astonishment of my fellow delegates I stormed out of the auditorium and locked myself away in the Ladies to howl out my rage ,",surprise
"It was there , that same until-then-pleasant morning , to the astonishment of all the workers in the Library , that Stour stumbled into the Great Chamber and laid his burde",surprise
I chuckled at the astonishment on he,surprise
"Suddenly , to the Collector 's astonishment , the Padre gripped him by the throat and shouted : "" A matter of o",surprise
"As he drove out of his allotted space , to his astonishment he saw Alexandra about to get into her white ",surprise
Bob sat up on the bed and gazed at her in astoni,surprise
The driver watched in astonishment as the car whacked into the side of his v,surprise
"Her eyes were wide open , and upon her face was an expression of absolute astoni",surprise
"Sonia and Helen flung themselves into my arms , to Joe 's great astoni",surprise
"But when I looked up , I saw , to my great astonishment , a large island in the sky , between me and t",surprise
"To her own mild astonishment she murmured , ` I 'll",surprise
Rebecque could not hide his astoni,surprise
As he looked around he could not hide his astoni,surprise
"Chambers shot him a look of astonishment , then turned to incl",surprise
Elaine Morris stared out of the window in astoni,surprise
He left so quickly that she stared in astonishment at the door he had closed behi,surprise
"` A great number , "" said the astounded Mrs ",surprise
"` You keep them , "" she cried , throwing the jewels into the plump lap of the astounded Soapy Fi",surprise
"Before the astounded car owner could react , the Prophet had pulled the door shut , reached over the back of the driver 's seat and jammed the muzzle of the gun into the man '",surprise
" What in the world  ?  began Rose , feeling quite bewildered as he let out an amused",surprise
"Lucy felt slightly bewildered , but hid the fact as she turned to ",surprise
"She frowned , feeling slightly bewi",surprise
"A delighted , if somewhat bewildered smile tugging at her own mouth , her eyes alight with laughter , she watched him melt into the ",surprise
"Schellenberg went out , closing the door , feeling totally bewi",surprise
Joey seemed bewildered as he put one large hand on his mother 's sh,surprise
Andrus seemed totally bewi,surprise
"At first , she was utterly bewildered when he burst out la",surprise
Kate 's voice was husky and bewi,surprise
BANGOR 'S Alex Lightbody must be the most bewildered bowler in the NIBA this ,surprise
By now Nutmeg was so bewildered that he did n't know what,surprise
Natasha laughed at Maggie 's bewildered expr,surprise
"Benny looked around him , a bewildered expression on hi",surprise
He saw the bewildered look on Hencke 's face and led him towards two comfortable chairs which stood on either side of a low occasional,surprise
"And she did , leaving a very bewildered Ellie to look round her at the well-equipped kitchen and the gently steaming ",surprise
"The sweat of moving packs of eighty pounds through the crush of bewildered , nervo",surprise
Some even asked the bewildered woman to sign their,surprise
A bewildered Dick Francis walks back to the weighing room as Devon Loch is le,surprise
"When she still looked bewildered he said more harshly , ` I 'll take the heat off if you 'll show some apprecia",surprise
Police found the exhausted pensioner bewildered by the ro,surprise
"At a nervous and hurriedly arranged press conference , the Ibrox publicity machine could barely paper the cracks between the departing boss and his bewildered ch",surprise
Within moments the bewildered assistant cooks had tied the ropes to the cauldron and suspended the boiling mass over a forked spi,surprise
"She just looked up at him with bewildered eyes and he put her firmly away , turning to launch himself into the",surprise
"Michael frowned at him , bewi",surprise
She was feeling hurt and a little bewi,surprise
"The children , at least the younger ones , become bewildered and dist",surprise
"A bewildered and shocked survivor can be guided through red tape , and practical alternatives can be found , as in the case of Liz and Tom who were burgled while on Income S",surprise
"Depressed and bewildered because it had inexplicably impaired his ability to think and concentrate , he soon guessed that his paralysis and clumsiness would make him always dependent on a whee",surprise
"What had once been a largely invisible world of mental hospitals , private suffering , and professional services now appears in local communities as homelessness , strange persons in public , and bewilderment about who is responsible fo",surprise
She squinted in bewilderment at the ten or so boarders who had formed her little band of h,surprise
""" No , "" I said , trying to sound convincing but daunted by the simple bewilderment in hi",surprise
"` Carpenter ? "" her father asked with a tinge of bewilderment in his",surprise
She did n't want to trouble the penguin with the bewilderment in he,surprise
"The old hands at machine knitting glibly talk about ` two-thirties "" to the bewilderment of the newcomers at the knittin",surprise
The bewilderment of the child Nizan can not be over,surprise
"Scott ran a hand through his hair , bewilderment on hi",surprise
"Downstairs in the lobbies , Tories were running around in equal bewilderment over the Speak",surprise
To her bewilderment they both dissolved into g,surprise
"She saw his fear , his bewilderment , and above all , a kind of astonishment at the enormity of the complications that lay",surprise
"The other side of the story is the pain felt by women when their children suffer , and their bewilderment when that suffering is self-inf",surprise
"His voice was as sensual as raw silk , but when he saw her bewilderment his eyes drifted over to Mandy 's",surprise
"Gloria stared , her mouth agape , then turned to Ruth in bewild",surprise
"She got up and checked the wardrobes , and her bemusement became sheer bewild",surprise
A frown of exasperation lined her brow as she shook her dark head in bewild,surprise
"Sonny turned in bewilderment to Johnny , then lumbered out after his b",surprise
"To those workers who profess bewilderment as to how they might help , who feel their knowledge in sexual matters is insufficient or are doubtful of their capabilities for sexual counselling and aid , one would suggest that they raise the matter within their training depar",surprise
"The rest simply stood in a state of considerable bewilderment , trying to ensure that they had not only accurately recorded but also understood what Woolton ha",surprise
Shiona frowned at the phone in total bewild,surprise
"Most will privately confess to an initial sense of utter bewilderment , but necessity will drive them to adapt to their new way o",surprise
"Her lovely face reflecting her complete and utter bewilderment , she queried slowly , ` Why on earth would I want to claim kin",surprise
Constance looked at him in bewild,surprise
Mr Stokill must have noticed my look of bewild,surprise
He paused as his mother stared at him in bewild,surprise
"She seemed flabbergasted , but rallied and asked me if I would look in at the Gray Mare in Kilburn and say ` hello "" to her son Joe Kelly who worked",surprise
I tell you I was flabbergasted and right terrified out of m,surprise
"Charles was absolutely flabbergasted , but he had n't really got time to analyse his rea",surprise
` At first I was too flabbergasted to do an,surprise
"Utterly flabbergasted , Leith began to realise that he was accusing her of announcing their ` engagement "" to all and ",surprise
Rachel had been nonp,surprise
She was totally nonp,surprise
"Mait was momentarily nonplussed , but soon recovered , as he mentally ran through the possible effects of this on hi",surprise
"It is also worth speculating on the fate of what must have been a nonplussed Christopher Chryselius , Sir John Pennington must have been thoroughly annoyed at the outcome",surprise
He looked quite nonp,surprise
"Usually so mentally attuned , so aware of what she was thinking and feeling , he looked angry and nonplussed , unable to understand her with",surprise
"Ethel shook her head in puzzlement , but a gleam had been coming into Eames '",surprise
Emily could see his puzz,surprise
"Quick -- sign the register , get out , escape from the puzzlement in he",surprise
I pointed out that I kissed Frankie but she dismissed my puzz,surprise
"Claudia , frowning , turned to gaze at him in total puzz",surprise
Had witnessed her puzzlement and then her shocked surprise as she realised what ,surprise
Paul 's tone and expression showed his puzz,surprise
He could see Harry 's puzz,surprise
And now she could see the puzzlement on everyone ',surprise
He saw her glance up in puzzlement and ask why he was still fully d,surprise
"Pitching my voice to a tone of mild puzzlement , I called , ` What 's a rattlesnake doing up ",surprise
Her brow creased in puzz,surprise
"` Can it really work ? "" enquired his startled col",surprise
"Gus said : ` Of course ! "" in a slightly startled voice , and visibly withdrew his vision and his thoughts from some distant preoccupation in which she had n",surprise
They burst in on the somewhat startled signalman who was puzzled by the dramatic appearance of the two familiar,surprise
The man turned round and looked at Robyn with startle,surprise
Their heads were close together and as he appeared they all looked up in unison with startled faces and fell ,surprise
His eyes were so far out of his head that he looked like a startled grass,surprise
She looked startled when I snapped at her : ` What have they worked,surprise
The girl looked st,surprise
Maurice seemed st,surprise
Jinny was so startled that she nearly kicked the bucke,surprise
Corbett stopped his horse and turned to the startled ,surprise
She gave him a startled ,surprise
"And having made the mistake a bird seldom gets a second chance , for the startled butterfly takes off , not in the direction the bird might have expected but , apparently , bac",surprise
He laughed at Claudia 's startled expr,surprise
"No less a person than Gloria Estefan rang my startled publisher before leaving London , to order the Ology book , because she was crazy for the comme",surprise
"Ana started to laugh and Mitch gave her a startled glance and then laughed ruefully too , giving her",surprise
Then his startled gaze met the glowing eyes above the white patch of the handkerchief the man was holding at his,surprise
"` About what , dear ? "" she asked in a startled",surprise
"Before she could utter the cry of alarm which rose in her throat his hand had closed over her mouth , and Paige 's startled eyes blinked at him over t",surprise
"Lucy felt startled , but forced herself to remai",surprise
"Herman , startled but pleased , moved in , only to be disconcerted as Erika pushed hi",surprise
Israel and I pushed by the startled and helpless usher and swaggered into the arena dressed in our Mau Mau un,surprise
"The man stared at her in stunned silence , his chest rising and falling with some kind of agi",surprise
The Germans still seemed s,surprise
The man seemed s,surprise
"With a last , quizzical look at her slightly stunned expression , he waited for Mike to join him , then both men walked out of the suite , leaving her alone wi",surprise
"Then Isabel saw Ellen 's stunned face and realised that her maid , at least , did not know she had spent the night",surprise
"For a moment there was a stunned silence from his workmates and then pent-up breath was released in what seemed like a communal sigh , before the chief waggoner yelled , ` C",surprise
"Anne watched her for a few moments in stunned silence , trying to decide if she meant what she ha",surprise
"I am stunned to find him so fine and ruddy in the startling , bleak white of this room ; so handsome in the face of my decay , my washed-out skin and faded eyes , my smears of blood and perspi",surprise
A stunned Mrs Hanley said as she left court : ` We never wanted anybody to go to prison over ,surprise
"The Odones were left stunned when they were told in 1984 at the Children 's Hospital in Washington DC that their fun-loving , brilliant six-year-old son -- he already spoke three languages -- had ALD , and was under sentence of",surprise
In front of stunned mourners he told grieving widow Linsay Robinson to ` pay up or ,surprise
"In her ` Daughter of Evil "" ( McShane , 1980 ) she stresses her own lifelong affection for her mother and her stunned reaction at being convicted and sen",surprise
"First of all the crowd was stunned , and then they erupted , giving Allan a marvellous reception on his lap of honour But the night was yet",surprise
"The next thing he knew he was lying on the floor , half stunned , beans ever",surprise
"When anything important happens you 're stunned , and thrown out for a while , and then you",surprise
"She looked stunned , almost like a sleep",surprise
"Maggie was stunned , but not for long ; her temper su",surprise
` Tears of rage and despair have been shed by SNP workers and our voters are s,surprise
"Shadow ministers , who had been behaving as if they were about to move into Whitehall , looked stunned and sha",surprise
Most Germans looked on stunned as the results from the two state elections on 5 April flashed across their television s,surprise
"Julia , stunned but dry-eyed , had given her statement to the ",surprise
He was a bit stunned and rushed home to raise the,surprise
"She took two or three large breaths over the top of her bag of groceries , while Mrs Stych watched her stupefaction with compl",surprise
I can understand the apparent stupefaction of all p,surprise
"Taking advantage of Guy 's momentary stupefaction , she wriggled out from under him and leapt off the bed , everything forgotten but the need to escape from something she dared not put a n",surprise
Another step forward and Pooley noted to his utter stupefaction that it had vanished altogether into emp,surprise
Downes shook his head in stupef,surprise
"Athelstan sat in complete stupefaction , drinking his beer , as Cranston cleared every platter , washing it all down with another bowl of ",surprise
"Except the O'Neil family in the first row of the circle , who sat in stupefied amazement , hardly believing what they had wit",surprise
"If the birds are disturbed during the process , there could be large numbers of stupefied birds fluttering amongst the traffic as the morning progresses with public complaints resulting , "" the report ",surprise
It was Blackberry who bullied the stupefied Pipkin to his feet and forced him to limp the few yards to the grave,surprise
"He woke stupefied , flicking his tongue over his parched lips like a r",surprise
Laura stared up at Ross in stupefied ama,surprise
"The pain had faded into the background and she was starting to feel stupefied , her head stuffed with cotton wool , her eyes",surprise
